Rainfall,Temperature,Humidity,Fertilizer,Pesticide,Crop,Yield
152,37,68,54,12,Rice,4.52
171,36,62,114,15,Rice,6.59
201,20,61,92,6,Wheat,6.85
241,38,72,115,26,Rice,7.86
98,27,67,99,20,Maize,4.95
224,36,83,94,7,Rice,7.56
70,26,78,57,8,Rice,4.02
58,38,41,123,32,Maize,4.01
221,25,86,74,18,Rice,6.94
153,21,41,45,8,Wheat,3.84
195,29,73,113,40,Wheat,7.42
64,25,53,126,25,Rice,4.64
102,30,80,68,19,Rice,3.86
120,26,63,40,12,Maize,4.02
130,25,74,74,37,Maize,4.5
90,24,48,111,16,Wheat,4.57
200,22,74,83,26,Maize,6.89
150,32,53,42,5,Rice,4.05
191,24,66,48,19,Maize,5.04
173,30,90,102,36,Maize,6.74
145,21,69,140,27,Maize,7.28
220,21,52,71,11,Maize,6.81
77,19,81,84,10,Wheat,5.2
177,40,67,128,37,Rice,6.48
239,37,52,144,7,Maize,8.25
204,26,76,136,28,Maize,8.03
209,26,91,101,16,Wheat,8.03
180,34,76,95,21,Maize,6.51
179,39,62,140,36,Rice,7.23
175,19,92,83,30,Wheat,6.51
117,40,50,95,21,Maize,4.68
118,37,73,109,26,Maize,5.67
193,18,48,98,10,Rice,7.3
236,21,58,129,7,Maize,8.57
145,24,91,144,37,Maize,8.15
178,28,67,96,29,Wheat,6.79
91,20,46,55,30,Rice,3.31
162,19,40,87,16,Rice,6.13
58,26,74,58,20,Maize,3.5
103,18,63,114,12,Wheat,6.07
161,20,64,132,22,Wheat,7.49
103,20,55,100,40,Rice,4.48
191,38,87,59,12,Maize,5.91
177,18,87,115,26,Maize,7.5
207,23,77,148,12,Maize,9.01
70,18,67,150,37,Rice,5.88
97,36,43,74,21,Wheat,3.82
166,23,74,144,28,Rice,7.85
230,20,72,102,25,Maize,7.82
116,35,64,145,35,Wheat,6.4
153,31,63,71,26,Maize,4.59
204,27,41,129,21,Rice,7.12
225,24,68,81,30,Maize,6.79
201,30,46,96,40,Rice,5.91
57,31,55,53,16,Maize,2.27
141,19,41,71,27,Maize,4.28
202,39,61,88,10,Maize,6.1
237,22,72,47,9,Maize,6.21
158,37,69,86,39,Maize,4.89
193,30,89,145,34,Maize,8.75
112,36,67,97,30,Rice,4.43
111,40,48,51,5,Wheat,3.48
83,39,87,128,5,Rice,5.87
240,22,61,132,7,Wheat,8.89
135,31,67,108,34,Wheat,6.18
246,29,55,129,30,Rice,8.4
82,22,62,49,9,Wheat,3.14
187,36,71,40,9,Rice,4.49
73,33,94,41,32,Maize,3.23
189,35,74,72,37,Rice,5.7
150,29,42,104,37,Wheat,5.14
78,30,51,134,6,Rice,4.93
84,40,56,129,12,Rice,5.29
139,19,90,144,11,Wheat,8.23
124,21,64,60,40,Wheat,4.24
201,20,88,138,40,Wheat,8.47
145,40,71,76,16,Rice,5.02
72,20,80,69,21,Rice,4.11
161,39,52,98,23,Rice,4.96
238,26,58,115,13,Maize,8.66
177,37,58,150,20,Rice,7.11
189,37,60,139,27,Rice,7.01
230,27,78,53,35,Wheat,6.26
124,35,86,115,13,Wheat,6.46
194,23,46,85,17,Wheat,6.16
76,19,44,68,23,Rice,3.32
194,24,64,84,8,Wheat,6.85
68,29,93,78,31,Wheat,4.5
88,20,84,52,32,Wheat,3.44
249,26,78,40,7,Rice,6.37
240,34,64,95,37,Wheat,7.14
107,29,84,71,25,Wheat,4.96
213,20,58,59,22,Maize,6.3
63,32,70,40,7,Maize,2.06
61,27,71,55,12,Wheat,3.05
205,38,47,131,40,Wheat,6.94
109,35,67,131,40,Maize,5.85
194,26,72,123,17,Rice,7.43
84,23,57,108,29,Wheat,4.43
79,35,84,44,37,Wheat,3.12
226,28,60,65,29,Wheat,6.59
226,30,72,137,39,Maize,8.25
104,23,67,120,9,Maize,6.26
52,38,62,140,14,Wheat,4.7
134,31,48,149,5,Maize,6.59
53,18,88,143,36,Wheat,5.89
121,24,65,73,7,Maize,4.69
242,39,83,44,34,Wheat,6.21
194,33,86,62,19,Rice,6.07
115,28,90,142,38,Wheat,6.97
131,32,66,90,38,Rice,4.99
128,40,81,90,21,Rice,5.37
187,34,49,56,24,Rice,5.28
102,19,52,146,15,Maize,6.59
200,40,55,134,15,Wheat,7.57
181,25,43,95,29,Maize,6.41
204,35,90,58,25,Rice,5.82
219,39,60,109,5,Rice,7.2
139,31,73,88,18,Wheat,5.65
122,32,61,150,34,Maize,6.96
110,34,65,75,5,Rice,4.44
229,32,86,95,26,Wheat,7.73
127,19,84,65,18,Maize,4.98
56,20,86,62,22,Wheat,3.53
164,32,64,140,32,Wheat,7.22
66,24,61,129,29,Rice,5.0
74,21,49,106,22,Maize,4.66
83,32,47,79,23,Wheat,3.24
55,37,65,103,38,Maize,3.49
158,23,76,72,26,Rice,5.31
161,21,69,114,34,Maize,6.4
186,40,42,70,40,Maize,5.06
124,21,54,45,34,Wheat,3.9
234,19,54,114,12,Wheat,8.08
93,22,45,65,8,Maize,3.45
69,34,51,86,5,Wheat,3.84
87,22,50,139,17,Maize,5.95
183,35,95,49,9,Maize,5.59
179,30,79,41,24,Rice,4.59
122,34,48,114,19,Wheat,5.18
143,34,44,101,18,Rice,5.46
186,19,51,138,39,Rice,7.97
199,25,50,144,18,Wheat,8.45
214,22,58,117,30,Wheat,7.63
91,35,79,111,18,Maize,5.27
146,40,54,136,29,Rice,6.59
243,31,92,143,10,Wheat,9.48
228,25,81,103,19,Maize,8.2
204,21,68,77,37,Rice,6.29
232,18,43,125,6,Wheat,8.46
123,18,93,77,17,Maize,5.62
158,37,95,54,33,Rice,4.86
117,29,84,41,31,Maize,3.88
213,21,65,82,31,Rice,7.2
123,25,77,45,12,Maize,4.19
95,28,51,129,17,Wheat,5.1
160,25,82,115,40,Rice,7.31
121,27,88,131,35,Wheat,6.25
100,31,79,80,26,Maize,4.43
95,22,60,129,40,Wheat,6.03
50,39,94,79,19,Rice,3.38
102,26,49,91,30,Rice,4.02
74,28,77,41,11,Wheat,3.0
140,34,82,98,28,Rice,5.74
247,38,63,72,33,Maize,6.29
203,35,60,88,11,Rice,6.85
226,37,93,125,32,Maize,8.83
98,24,40,135,17,Wheat,5.93
172,36,71,69,33,Rice,4.7
79,33,79,58,22,Rice,3.64
224,35,41,131,34,Wheat,7.76
181,18,47,68,7,Wheat,5.58
159,19,72,126,32,Wheat,7.69
57,18,94,106,28,Maize,5.37
121,39,86,140,7,Maize,6.86
57,19,74,135,28,Wheat,5.73
95,28,55,107,25,Wheat,4.63
225,35,46,113,11,Rice,7.01
196,33,58,75,33,Wheat,6.07
96,22,59,50,6,Maize,3.75
189,37,44,76,34,Rice,5.06
221,20,91,125,28,Rice,9.28
169,31,62,135,21,Wheat,6.74
63,26,79,105,29,Maize,4.38
71,28,85,43,30,Wheat,3.39
147,40,76,114,10,Wheat,6.21
91,21,80,77,38,Rice,4.42
171,29,62,145,26,Rice,7.35
80,23,66,79,38,Rice,4.16
248,27,84,56,30,Rice,6.82
171,31,41,93,5,Maize,5.33
164,38,50,79,15,Rice,5.2
103,19,94,150,28,Wheat,7.04
105,18,75,150,24,Maize,7.24
130,30,82,137,13,Wheat,6.99
122,26,79,56,5,Rice,4.81
153,27,64,78,39,Maize,4.79
157,29,90,133,38,Maize,7.2
236,34,56,113,16,Wheat,8.17
132,25,70,60,21,Maize,4.85
247,25,64,121,29,Maize,8.75
158,32,71,49,20,Maize,5.07
75,38,61,46,18,Maize,2.6
186,36,87,111,27,Rice,7.05
165,24,74,57,21,Wheat,5.42
157,30,73,42,30,Maize,4.26
88,32,95,43,33,Wheat,3.16
210,33,84,81,6,Maize,6.89
83,40,52,52,22,Maize,2.01
95,37,68,101,33,Wheat,4.46
234,33,95,147,14,Wheat,9.45
152,37,44,104,34,Rice,4.83
191,35,43,57,29,Rice,5.11
122,32,88,127,8,Maize,7.1
110,22,82,109,28,Maize,6.35
202,24,91,43,12,Rice,6.22
166,36,84,149,14,Maize,7.57
218,34,42,45,9,Rice,5.23
226,26,74,59,39,Wheat,6.33
194,20,71,138,17,Rice,8.51
122,21,53,140,38,Maize,6.86
116,26,42,64,38,Wheat,3.97
89,22,50,98,38,Maize,3.97
182,33,65,57,10,Rice,4.95
77,22,52,120,36,Wheat,5.03
235,20,95,79,38,Maize,8.15
82,23,63,58,20,Rice,3.18
97,26,52,146,29,Rice,6.21
240,23,46,44,35,Maize,5.28
209,28,92,69,35,Wheat,6.94
126,29,78,105,36,Rice,5.83
162,26,56,143,35,Wheat,7.39
137,30,74,109,23,Wheat,5.58
112,32,69,76,33,Wheat,4.73
145,21,89,107,31,Rice,7.01
194,27,93,104,26,Wheat,7.09
99,31,86,68,16,Maize,3.97
174,29,46,68,15,Rice,4.95
128,36,50,97,27,Wheat,4.42
78,21,56,138,17,Rice,5.47
168,28,91,71,6,Maize,6.31
71,28,66,106,21,Wheat,4.24
141,38,86,119,24,Wheat,6.61
246,20,40,97,19,Wheat,7.35
113,34,64,63,16,Wheat,4.27
76,25,85,128,21,Rice,6.13
128,31,89,110,7,Rice,5.96
230,20,59,85,19,Rice,6.84
248,34,83,123,40,Rice,8.25
237,39,93,41,28,Maize,6.47
121,38,57,133,22,Wheat,6.28
215,28,84,128,37,Wheat,8.74
60,39,90,127,21,Rice,5.11
129,39,61,131,24,Rice,5.99
209,35,72,41,37,Rice,5.46
207,18,52,65,26,Maize,5.78
152,31,89,54,38,Wheat,4.49
98,25,50,100,7,Maize,4.42
55,26,78,134,36,Rice,5.49
57,25,89,131,24,Wheat,5.72
176,24,50,123,20,Wheat,7.37
203,20,80,99,18,Maize,7.87
61,40,51,52,29,Rice,2.03
196,40,85,139,12,Rice,8.36
232,36,83,121,10,Wheat,8.54
86,26,42,67,14,Maize,3.57
142,39,54,136,11,Rice,6.7
208,37,76,43,32,Wheat,5.66
201,35,88,90,36,Rice,6.66
166,19,75,105,19,Wheat,7.31
88,27,90,97,16,Maize,5.35
89,38,54,136,39,Wheat,5.25
136,27,83,53,18,Wheat,4.39
118,23,84,80,18,Maize,5.2
179,24,45,56,29,Rice,4.81
212,22,44,104,16,Rice,6.94
80,28,49,106,18,Wheat,4.41
125,26,40,44,24,Maize,3.79
106,39,59,67,16,Rice,3.87
169,29,95,67,19,Wheat,5.65
238,37,89,117,6,Rice,8.54
69,18,94,74,10,Rice,5.09
118,18,88,90,18,Wheat,5.82
92,19,64,89,33,Rice,4.78
233,32,82,89,27,Wheat,7.06
177,30,91,119,12,Wheat,7.3
57,23,44,150,26,Maize,5.53
104,40,65,82,14,Wheat,4.1
194,25,86,143,16,Maize,9.16
95,21,72,40,23,Maize,3.63
102,33,44,144,30,Wheat,5.78
241,23,48,72,29,Rice,7.01
126,26,50,107,38,Rice,5.58
181,23,58,109,38,Wheat,7.13
72,36,84,114,5,Wheat,5.09
138,38,54,104,16,Wheat,5.18
198,36,68,128,37,Rice,7.4
84,29,77,129,15,Maize,5.45
123,19,85,48,7,Rice,5.13
97,19,45,67,33,Wheat,3.37
182,19,87,76,19,Maize,6.6
136,23,85,147,25,Maize,7.59
129,32,92,54,29,Maize,4.35
117,38,52,125,23,Wheat,5.05
245,33,92,91,31,Rice,8.14
84,25,55,145,40,Wheat,5.95
226,30,43,129,29,Wheat,7.44
144,29,49,78,17,Maize,5.08
105,34,81,100,40,Wheat,5.27
178,29,95,84,17,Maize,6.79
70,39,67,48,30,Rice,2.47
171,27,47,63,20,Rice,4.71
86,21,89,63,23,Maize,4.49
195,36,75,113,37,Maize,7.07
224,34,74,147,38,Rice,8.35
199,33,76,54,39,Maize,5.46
187,26,53,116,29,Wheat,6.72
56,38,57,106,15,Maize,3.61
95,36,43,129,36,Maize,5.1
85,25,76,136,40,Maize,5.8
146,23,80,142,8,Rice,7.8
179,22,83,66,36,Rice,5.75
249,35,42,83,7,Wheat,7.01
221,19,77,120,39,Wheat,8.36
165,25,61,83,40,Rice,5.29
80,32,94,119,34,Rice,5.75
61,34,55,51,12,Maize,2.8
72,36,79,44,24,Rice,3.0
198,37,45,61,22,Maize,5.35
65,29,77,137,18,Rice,5.34
115,26,60,41,31,Rice,3.43
124,20,91,101,27,Wheat,6.36
104,23,74,61,19,Wheat,4.35
61,32,88,81,22,Rice,3.79
207,31,45,106,20,Maize,6.58
122,32,60,74,6,Maize,4.71
69,35,49,64,6,Rice,2.8
82,21,70,53,5,Wheat,4.14
174,37,42,138,10,Rice,7.05
185,38,73,107,29,Maize,7.02
237,29,71,135,32,Rice,9.17
69,35,68,99,10,Rice,3.73
179,40,58,70,9,Maize,4.84
138,19,50,89,35,Maize,5.8
132,26,74,60,13,Wheat,4.52
56,33,55,136,8,Maize,4.63
150,24,91,132,40,Wheat,7.35
112,22,91,102,39,Maize,5.88
63,24,76,125,9,Wheat,5.23
111,38,93,141,19,Rice,6.86
107,24,44,104,17,Rice,5.34
230,35,76,84,36,Rice,6.49
237,28,60,91,30,Wheat,6.9
101,33,57,143,39,Rice,5.85
206,23,81,60,17,Rice,6.91
66,26,80,40,6,Rice,2.8
107,25,60,67,15,Maize,4.36
236,39,47,88,19,Rice,6.12
137,30,58,108,36,Rice,5.52
57,30,47,126,5,Rice,4.91
201,34,44,59,25,Wheat,5.02
188,37,54,122,11,Maize,6.6
235,22,44,133,36,Wheat,7.85
161,34,70,47,29,Rice,4.26
227,20,88,75,8,Wheat,7.24
171,40,89,49,25,Maize,5.3
167,30,92,71,35,Wheat,5.39
64,34,79,57,13,Rice,2.96
127,35,61,69,24,Rice,4.37
228,31,88,60,39,Wheat,6.81
168,24,88,51,22,Rice,5.73
198,25,85,143,11,Maize,9.0
135,39,82,128,26,Rice,6.59
51,38,54,91,31,Wheat,2.71
200,29,52,61,37,Maize,5.14
68,40,68,69,29,Rice,2.56
155,33,47,40,9,Maize,4.32
153,20,71,103,38,Maize,6.2
198,31,78,130,31,Wheat,7.73
62,26,91,75,26,Wheat,4.27
103,29,56,117,18,Rice,5.81
170,37,50,55,35,Maize,4.19
150,21,86,43,24,Wheat,5.32
203,22,77,124,25,Wheat,8.31
53,30,59,56,11,Rice,2.75
129,40,91,43,28,Wheat,3.91
196,36,88,102,23,Wheat,7.27
125,23,92,70,40,Maize,5.06
143,40,88,94,37,Wheat,5.34
162,32,50,96,37,Rice,5.61
197,33,86,130,19,Wheat,8.54
173,28,78,48,30,Rice,4.72
110,27,89,42,17,Maize,3.51
167,30,45,120,23,Wheat,6.76
203,36,44,132,24,Rice,7.16
241,22,75,109,30,Wheat,8.64
212,18,63,96,40,Wheat,6.82
223,29,70,123,28,Rice,8.57
207,29,81,69,26,Maize,6.16
63,27,55,55,35,Wheat,2.92
119,29,48,84,40,Maize,3.86
156,38,43,89,37,Maize,4.61
176,32,57,71,15,Maize,5.74
198,27,65,147,18,Rice,8.4
70,35,44,42,27,Wheat,1.56
98,36,90,128,25,Rice,5.59
210,35,92,107,11,Wheat,7.8
130,19,67,97,26,Rice,5.87
247,31,45,137,5,Wheat,8.33
51,39,87,96,6,Wheat,3.98
161,36,78,125,16,Maize,6.94
237,27,74,103,36,Maize,8.24
203,21,85,125,19,Rice,8.64
165,31,66,144,32,Wheat,7.44
115,20,47,83,37,Wheat,4.56
55,24,91,62,29,Maize,3.41
196,22,90,50,16,Wheat,5.77
90,21,76,124,12,Maize,6.22
192,33,85,143,22,Wheat,8.24
247,29,41,46,20,Maize,5.64
76,35,82,79,37,Rice,3.29
57,22,71,87,8,Wheat,4.33
68,26,51,50,20,Rice,2.56
168,38,60,69,17,Wheat,4.61
151,40,66,108,29,Maize,5.72
74,37,73,65,9,Maize,3.01
58,37,77,89,10,Maize,4.05
170,28,41,86,13,Rice,5.3
180,29,67,69,30,Rice,5.16
239,18,60,74,38,Rice,7.34
131,28,62,87,26,Rice,5.43
188,32,66,74,37,Rice,5.83
115,20,79,67,10,Rice,5.15
50,25,94,126,7,Wheat,5.6
87,32,60,138,18,Rice,5.89
148,30,54,121,37,Wheat,6.27
200,19,95,85,18,Rice,7.56
84,36,69,117,24,Rice,4.43
137,31,65,141,27,Wheat,7.12
132,31,90,42,23,Rice,4.57
222,24,53,102,13,Maize,7.6
170,36,86,53,40,Rice,4.61
113,18,95,91,29,Wheat,5.98
236,31,69,80,8,Maize,7.58
57,19,80,149,26,Rice,6.68
232,33,68,101,34,Maize,7.14
99,38,60,108,24,Rice,4.76
210,38,48,100,13,Maize,6.84
114,25,84,126,16,Wheat,6.51
96,32,80,58,30,Rice,3.35
70,36,77,59,33,Maize,2.68
248,21,61,115,7,Wheat,8.48
211,40,80,40,12,Maize,5.21
202,35,56,100,16,Wheat,6.15
185,36,81,104,33,Rice,6.65
217,31,74,87,24,Rice,6.97
98,31,88,101,12,Maize,5.73
146,24,60,88,13,Rice,5.45
66,38,90,98,17,Maize,3.91
188,30,85,84,5,Maize,6.64
249,38,84,51,37,Rice,6.52
246,25,64,130,27,Wheat,8.59
226,32,59,121,22,Wheat,8.0
210,21,57,140,23,Maize,8.39
133,34,72,115,19,Rice,6.44
240,26,49,105,15,Rice,7.25
100,39,48,78,32,Maize,3.64
204,38,41,132,7,Wheat,6.91
130,26,51,74,5,Maize,4.83
150,38,88,134,29,Maize,7.29
87,38,93,146,22,Maize,5.82
122,38,77,69,38,Maize,4.1
221,32,80,102,27,Maize,7.61
106,39,75,72,28,Maize,3.95
205,22,46,107,5,Rice,7.75
68,27,57,131,39,Maize,4.85
175,28,88,77,9,Wheat,6.7
233,29,77,104,35,Rice,7.45
118,20,50,84,8,Wheat,4.54
156,27,90,89,10,Maize,6.06
79,27,76,76,39,Maize,3.85
67,26,88,68,17,Maize,4.39
194,30,71,61,8,Rice,5.5
98,30,73,148,26,Rice,6.73
228,20,81,137,36,Rice,8.82
134,31,83,60,15,Maize,4.79
178,20,52,150,38,Maize,7.63
66,20,57,143,26,Rice,5.98
68,22,78,124,12,Rice,5.62
213,39,58,103,31,Rice,6.74
103,30,86,51,25,Wheat,4.15
54,34,95,59,16,Wheat,2.88
196,33,83,147,36,Wheat,8.4
151,28,72,101,28,Maize,5.98
241,36,89,120,18,Maize,8.49
228,32,86,43,11,Rice,6.16
122,25,91,84,21,Rice,5.92
145,25,58,102,7,Maize,5.58
224,31,70,119,36,Wheat,8.04
220,20,93,49,25,Wheat,6.51
84,32,74,58,12,Wheat,3.83
120,24,42,104,40,Rice,5.13
192,22,52,143,12,Rice,8.49
250,18,75,74,6,Maize,7.53
58,19,85,117,8,Wheat,5.05
124,20,47,42,18,Rice,4.15
83,30,58,141,20,Wheat,5.23
168,19,81,55,6,Wheat,6.02
233,32,70,73,7,Maize,7.33
175,40,66,132,5,Rice,7.27
230,30,60,58,23,Rice,6.37
80,34,94,62,36,Wheat,3.57
249,39,91,59,36,Wheat,6.39
205,31,91,92,28,Maize,7.21
240,21,52,98,27,Wheat,7.57
208,31,73,121,38,Maize,7.18
98,32,70,132,30,Wheat,5.52
87,34,62,127,12,Rice,5.15
221,28,40,146,23,Rice,8.59
221,21,75,121,19,Maize,8.45
226,23,87,95,16,Maize,7.62
235,40,65,68,37,Maize,6.41
232,27,86,62,25,Rice,7.27
150,18,63,147,15,Rice,7.98
74,26,60,123,23,Maize,5.24
91,34,76,87,32,Rice,4.25
195,31,74,147,11,Rice,8.13
190,21,70,41,20,Rice,5.55
103,39,72,139,27,Rice,5.38
186,25,46,75,22,Maize,5.49
221,38,67,143,5,Rice,8.27
62,34,93,93,14,Rice,4.16
102,27,85,52,28,Wheat,3.46
149,31,49,74,29,Maize,4.55
66,29,93,63,33,Maize,3.96
171,23,40,123,32,Maize,6.39
141,29,66,92,34,Rice,5.02
183,24,71,135,29,Rice,8.12
56,37,51,55,20,Maize,2.27
184,21,86,90,13,Maize,7.46
249,30,61,98,8,Maize,8.07
206,19,73,67,17,Maize,6.22
221,21,65,143,13,Maize,9.33
145,37,89,114,19,Wheat,6.3
108,29,46,145,30,Rice,6.25
94,36,50,116,12,Maize,4.46
114,34,86,91,28,Wheat,5.06
96,26,85,65,9,Rice,4.39
103,18,89,77,31,Wheat,4.86
110,38,85,108,10,Wheat,5.95
239,35,53,113,17,Maize,7.2
55,25,83,148,37,Rice,6.31
126,35,50,134,32,Wheat,5.43
117,20,87,95,30,Wheat,5.9
188,22,64,57,23,Maize,5.21
167,35,65,45,8,Maize,4.74
174,19,56,146,20,Wheat,8.49
57,30,81,47,34,Maize,2.36
220,24,56,98,24,Wheat,7.53
135,29,48,76,14,Rice,4.52
205,27,82,124,28,Wheat,7.92
115,40,47,87,31,Wheat,3.87
170,20,83,52,14,Rice,5.33
204,19,90,40,36,Rice,6.22
116,37,59,133,39,Maize,6.07
140,31,56,57,33,Rice,3.92
117,18,89,40,30,Rice,4.77
136,27,50,80,9,Wheat,5.41
71,19,95,148,33,Rice,6.89
105,36,60,138,16,Wheat,6.18
158,24,86,110,30,Rice,6.84
181,40,81,123,19,Wheat,6.84
185,26,87,58,32,Wheat,5.39
117,32,74,76,5,Maize,4.37
76,25,75,137,33,Wheat,6.12
83,34,62,92,27,Rice,3.57
230,26,93,109,14,Maize,8.25
134,37,42,90,26,Maize,4.17
125,23,90,75,9,Rice,5.46
99,22,64,66,18,Rice,4.05
172,32,93,139,20,Wheat,7.88
198,25,88,55,35,Wheat,6.23
236,19,48,120,15,Wheat,8.35
66,21,87,91,29,Maize,4.92
151,34,40,102,29,Maize,5.1
176,19,79,54,36,Maize,5.56
50,32,62,78,21,Wheat,3.4
122,30,45,45,24,Rice,3.61
112,34,51,86,5,Rice,4.31
64,21,71,135,8,Wheat,5.35
92,37,74,143,18,Wheat,6.07
211,40,43,127,33,Maize,7.17
226,25,58,104,9,Maize,7.69
62,33,74,58,16,Maize,3.36
138,37,70,107,27,Wheat,5.99
164,22,47,46,18,Maize,4.61
65,40,58,90,22,Rice,3.39
175,38,50,44,31,Rice,4.42
54,31,44,98,37,Wheat,2.87
68,39,44,105,34,Maize,3.37
82,30,59,93,11,Maize,3.92
196,39,68,59,33,Wheat,5.6
154,25,65,101,33,Wheat,5.76
55,22,67,101,9,Wheat,4.7
218,34,66,88,16,Maize,6.56
59,19,64,74,20,Wheat,3.51
123,23,61,65,31,Rice,4.83
69,26,93,59,23,Maize,3.89
207,38,73,61,7,Wheat,5.59
59,26,72,135,10,Rice,5.56
108,19,68,107,5,Maize,5.53
59,38,54,98,26,Maize,3.8
172,39,75,137,34,Rice,6.7
242,34,84,107,11,Rice,8.3
132,18,49,75,13,Rice,5.14
209,23,87,77,21,Wheat,6.61
103,35,74,124,29,Maize,5.33
142,26,66,65,23,Rice,4.89
90,27,89,123,27,Maize,6.16
96,18,85,108,38,Maize,5.72
244,18,50,55,22,Wheat,7.04
187,35,77,58,40,Maize,5.0
223,20,49,141,5,Maize,9.06
57,36,85,145,21,Rice,5.25
156,24,88,99,32,Rice,6.97
186,35,95,98,25,Wheat,7.04
156,23,79,75,19,Wheat,6.16
199,28,52,43,26,Maize,4.49
103,21,67,118,5,Maize,6.26
215,35,40,141,25,Rice,7.25
141,38,89,110,7,Rice,6.64
132,20,43,108,5,Maize,5.91
72,38,91,127,29,Rice,5.07
81,40,71,44,40,Wheat,2.21
155,24,55,136,25,Rice,6.96
158,20,78,61,9,Wheat,6.04
125,40,55,106,34,Rice,4.35
250,32,76,126,17,Wheat,8.73
161,40,84,56,25,Wheat,4.76
157,35,69,61,37,Wheat,4.1
209,27,90,117,14,Maize,7.88
213,19,48,145,32,Maize,8.24
96,39,58,54,32,Maize,2.88
224,18,72,58,7,Wheat,6.78
242,35,73,52,5,Wheat,5.93
97,34,92,103,33,Maize,4.82
75,34,46,52,9,Wheat,2.93
56,34,78,92,5,Rice,4.14
220,20,54,68,36,Wheat,6.11
74,39,67,112,5,Rice,4.89
129,26,90,147,11,Wheat,7.65
196,19,80,84,19,Maize,6.6
223,25,57,90,6,Wheat,7.22
234,25,75,118,32,Rice,8.88
131,19,52,84,19,Rice,5.29
116,36,42,93,18,Maize,4.54
181,37,50,134,36,Maize,6.68
179,34,48,131,35,Wheat,7.03
97,21,47,112,36,Wheat,5.3
148,22,58,103,33,Maize,5.67
58,23,68,97,21,Maize,4.41
70,21,81,140,26,Wheat,5.78
219,30,50,93,20,Maize,6.46
236,19,69,133,16,Wheat,9.18
129,34,65,41,16,Maize,3.91
195,34,77,150,7,Wheat,8.76
110,18,69,84,36,Rice,5.21
62,21,46,61,14,Maize,3.29
181,40,94,109,28,Wheat,7.09
210,25,40,76,26,Wheat,5.94
145,20,54,44,10,Rice,4.8
236,25,68,110,17,Wheat,7.8
57,28,72,93,31,Maize,4.37
140,27,42,148,31,Maize,6.76
193,30,88,74,15,Maize,6.84
231,28,69,87,39,Wheat,6.61
201,35,88,135,40,Maize,8.37
235,20,42,119,9,Rice,8.12
132,21,68,58,6,Wheat,4.48
202,37,87,122,27,Maize,8.12
232,22,44,90,25,Wheat,7.24
162,27,59,77,29,Wheat,4.91
188,35,66,94,22,Maize,6.71
221,22,62,80,29,Rice,6.46
199,36,40,103,11,Rice,6.0
199,39,89,86,21,Rice,7.02
227,37,89,72,19,Wheat,7.0
215,20,67,95,30,Wheat,7.77
115,22,88,141,6,Wheat,7.43
249,29,79,82,26,Rice,7.52
207,34,59,94,20,Wheat,6.74
56,33,84,98,31,Rice,4.41
122,20,90,123,21,Maize,7.02
106,25,54,134,34,Wheat,5.72
102,40,51,88,21,Wheat,4.33
196,31,50,137,11,Wheat,7.41
69,35,77,127,14,Maize,4.84
180,22,79,111,27,Maize,7.19
185,27,78,67,40,Rice,5.59
85,22,65,125,8,Maize,6.07
215,40,61,41,35,Maize,5.01
95,22,77,49,28,Maize,3.25
109,40,56,104,35,Maize,4.37
232,27,92,95,38,Rice,7.56
138,33,57,115,21,Maize,5.52
112,40,78,52,21,Rice,3.99
131,30,55,112,16,Wheat,6.06
120,20,87,57,20,Maize,5.05
236,25,52,148,21,Rice,8.67
126,31,70,93,8,Maize,5.82
126,23,77,131,34,Maize,6.45
199,23,47,111,10,Wheat,6.98
187,20,51,88,35,Rice,6.55
239,37,64,80,35,Wheat,6.65
133,24,61,43,17,Rice,4.41
163,34,59,116,21,Wheat,6.12
178,32,52,56,28,Wheat,4.46
158,40,85,111,12,Maize,6.21
236,30,78,140,32,Rice,9.16
168,19,93,121,21,Wheat,8.38
145,35,68,149,34,Wheat,6.66
143,38,87,94,21,Maize,5.81
250,37,49,147,35,Rice,8.11
229,18,91,48,5,Maize,7.32
58,32,51,136,18,Rice,4.91
121,29,40,146,15,Maize,5.92
66,18,71,132,25,Rice,6.07
105,23,61,89,12,Rice,4.73
164,28,63,88,25,Maize,5.6
153,36,78,67,21,Wheat,5.16
77,19,77,76,8,Wheat,4.3
92,21,52,91,36,Rice,4.62
237,31,58,97,39,Wheat,6.76
77,18,81,121,37,Maize,6.18
163,21,77,147,31,Rice,7.8
233,29,70,127,18,Rice,8.48
83,20,63,145,13,Wheat,6.49
153,27,58,106,28,Rice,5.65
76,33,88,54,39,Rice,3.35
75,32,73,126,35,Wheat,5.51
181,40,87,94,5,Wheat,6.22
207,20,60,128,24,Rice,8.46
239,18,91,77,19,Wheat,7.8
229,32,85,64,25,Rice,6.56
119,34,82,147,27,Maize,7.23
153,40,42,79,14,Rice,4.97
249,40,50,100,9,Wheat,7.37
104,22,95,98,33,Rice,5.28
51,18,79,99,34,Maize,4.54
125,24,65,116,12,Maize,6.26
174,39,67,133,13,Maize,7.59
233,32,73,70,29,Rice,6.61
89,22,86,40,5,Rice,3.85
231,27,60,118,21,Wheat,8.05
57,32,56,56,30,Rice,1.94
130,33,53,84,10,Maize,4.48
121,32,93,66,17,Rice,4.59
212,23,44,125,27,Rice,7.78
96,22,65,59,10,Wheat,4.16
195,21,56,53,18,Rice,5.31
93,40,54,58,39,Rice,2.84
197,21,74,71,28,Rice,6.37
120,28,89,104,39,Rice,5.82
177,31,76,118,8,Maize,6.81
193,21,84,129,32,Rice,8.46
52,39,47,63,19,Maize,1.88
94,19,47,110,20,Maize,4.75
195,35,44,132,38,Maize,7.35
200,22,69,45,8,Rice,6.19
81,27,57,54,36,Rice,2.75
55,33,95,102,7,Wheat,4.18
194,21,43,120,23,Rice,7.63
247,20,61,104,24,Wheat,8.52
60,30,81,42,13,Maize,2.71
67,34,80,112,27,Wheat,4.79
224,22,86,126,34,Rice,8.42
161,32,64,113,18,Wheat,6.01
107,40,80,64,18,Maize,3.98
59,20,50,50,25,Rice,3.08
184,40,56,103,6,Rice,6.15
103,28,55,57,39,Rice,3.59
193,23,83,146,16,Rice,8.89
179,32,47,46,16,Rice,4.79
66,34,95,75,25,Rice,3.45
85,39,68,86,16,Rice,3.5
193,31,49,110,33,Maize,6.55
224,31,91,58,17,Wheat,6.34
214,40,91,68,24,Rice,6.07
213,19,61,135,20,Wheat,8.13
149,30,58,126,38,Rice,6.09
167,21,61,91,40,Rice,5.78
196,23,45,150,19,Rice,7.85
81,21,89,121,9,Maize,6.34
214,39,43,132,38,Rice,7.65
155,24,43,58,34,Maize,4.56
234,38,70,122,35,Rice,8.14
236,37,49,41,6,Rice,5.39
65,31,78,70,28,Rice,3.07
134,21,46,65,16,Maize,4.52
141,18,86,131,11,Wheat,7.74
53,29,58,65,15,Wheat,3.03
244,29,42,145,31,Rice,9.04
98,33,41,99,34,Wheat,3.73
145,27,81,79,37,Rice,5.6
167,27,86,76,20,Rice,6.17
156,26,55,73,36,Wheat,5.1
61,25,48,115,30,Rice,4.45
225,37,78,99,6,Rice,7.66
213,39,66,41,35,Rice,5.37
78,32,51,140,32,Rice,4.7
198,27,85,117,22,Wheat,8.17
107,29,61,109,40,Rice,4.86
176,33,75,95,29,Rice,6.6
197,35,77,106,27,Rice,6.76
236,22,43,60,18,Maize,5.84
247,29,55,120,27,Wheat,7.84
95,32,83,56,38,Rice,3.18
165,40,79,117,19,Maize,6.1
80,20,56,131,23,Wheat,5.13
81,25,52,123,39,Rice,4.97
119,39,41,84,9,Maize,3.81
178,37,83,126,36,Maize,7.49
103,28,68,93,30,Maize,5.18
244,18,92,150,5,Rice,10.44
133,23,47,68,37,Maize,4.59
246,29,51,123,24,Rice,8.53
68,23,66,84,17,Rice,3.64
135,37,86,92,26,Maize,5.14
249,27,65,65,27,Maize,6.66
186,37,95,122,16,Maize,7.68
60,27,66,50,38,Maize,2.33
183,31,91,141,32,Rice,8.63
121,37,93,86,11,Maize,5.68
117,29,65,141,16,Maize,6.99
214,31,92,127,20,Rice,8.97
174,39,93,96,8,Maize,7.01
56,31,50,131,27,Rice,4.16
77,28,86,96,30,Rice,4.28
146,21,53,117,39,Wheat,6.26
244,33,85,69,33,Rice,6.62
228,23,81,86,27,Rice,8.01
71,34,57,80,14,Wheat,3.22
174,35,77,130,37,Rice,6.81
237,19,43,56,8,Maize,6.64
53,18,46,133,13,Rice,5.2
201,36,75,89,31,Wheat,6.09
205,33,74,86,35,Rice,6.07
97,31,65,87,8,Wheat,4.11
115,29,51,133,40,Wheat,5.56
248,18,65,126,30,Rice,8.91
93,25,63,125,23,Rice,5.56
150,27,72,113,16,Wheat,6.71
216,26,93,60,16,Maize,6.51
239,38,54,41,22,Maize,5.04
215,22,72,147,35,Wheat,8.86
172,35,43,137,33,Wheat,6.4
176,23,81,64,25,Maize,5.64
144,31,78,67,36,Maize,4.98
58,30,61,71,9,Maize,3.51
102,27,78,54,11,Rice,3.54
180,36,49,131,33,Maize,6.84
189,32,77,116,33,Maize,7.57
57,40,59,86,8,Maize,2.78
94,25,62,55,17,Maize,3.98
109,31,52,110,19,Maize,4.63
218,39,63,140,5,Wheat,8.66
159,25,95,128,16,Rice,7.39
203,31,87,117,40,Rice,7.23
183,32,44,82,29,Wheat,5.86
92,31,67,57,32,Maize,3.16
209,32,48,143,36,Rice,7.31
116,25,45,119,28,Maize,5.4
62,22,64,59,22,Maize,2.9
94,35,86,102,16,Maize,5.04
160,40,50,58,39,Maize,3.69
63,39,84,83,28,Rice,3.72
220,40,61,62,23,Wheat,5.96
141,18,58,67,30,Maize,4.61
217,33,77,116,27,Wheat,7.33
77,33,74,99,12,Maize,5.0
134,25,60,64,5,Wheat,4.61
113,40,82,146,27,Wheat,6.85
195,40,54,136,25,Rice,6.91
140,30,83,121,28,Maize,6.94
228,27,46,89,24,Maize,6.59
186,38,84,96,35,Rice,6.65
161,30,52,88,27,Rice,5.84
141,34,67,80,6,Rice,4.96
90,23,50,77,10,Rice,3.91
115,25,42,138,37,Maize,6.04
165,30,74,101,5,Rice,6.08
175,28,73,128,20,Wheat,7.61
200,36,64,55,13,Rice,5.19
211,33,83,143,22,Wheat,8.57
94,23,60,109,36,Rice,4.65
88,27,49,69,22,Rice,3.82
64,21,79,48,13,Wheat,3.76
65,32,74,91,9,Maize,4.3
128,35,86,41,33,Rice,3.3
158,27,70,144,12,Maize,7.23
159,26,69,50,39,Rice,4.27
190,21,95,52,16,Rice,6.0
122,37,46,41,27,Maize,3.32
134,40,68,117,30,Maize,6.04
138,35,59,147,21,Rice,6.91
62,24,67,145,10,Maize,5.68
131,28,93,123,9,Maize,6.86
237,36,86,101,20,Rice,7.72
232,20,94,53,23,Wheat,7.22
79,36,88,128,20,Maize,5.31
228,25,57,131,20,Maize,8.81
240,30,52,46,31,Wheat,5.97
202,23,63,57,27,Wheat,6.0
202,40,56,85,28,Maize,5.84
164,19,67,42,15,Wheat,4.48
228,33,60,93,34,Maize,7.2
69,33,71,125,11,Rice,5.61
206,25,95,107,39,Maize,7.98
153,24,66,40,31,Wheat,3.9
136,26,50,81,37,Wheat,4.64
214,26,56,138,9,Maize,8.62
239,20,91,53,35,Maize,7.42
73,37,62,121,18,Wheat,4.22
119,32,89,75,12,Maize,4.76
96,30,80,137,28,Rice,5.79
165,34,52,40,38,Wheat,3.56
127,19,57,110,33,Maize,5.9
202,23,53,47,31,Wheat,5.25
150,31,64,95,34,Rice,5.52
238,38,61,74,20,Wheat,6.63
162,28,56,119,6,Rice,6.91
143,23,56,142,29,Rice,6.79
241,33,90,144,13,Rice,9.85
115,26,82,139,26,Wheat,7.05
232,23,85,136,22,Maize,9.71
146,18,63,43,8,Rice,4.52
220,18,67,145,40,Wheat,8.58
83,40,89,145,28,Rice,5.8
67,39,52,140,21,Maize,5.08
231,36,69,137,8,Maize,8.9
195,27,46,79,10,Wheat,6.29
117,31,88,91,33,Rice,5.29
58,32,51,81,10,Maize,2.73
114,39,88,63,11,Maize,4.19
234,40,74,101,34,Rice,7.63
175,36,80,81,38,Rice,6.16
161,35,94,56,18,Maize,4.86
159,39,42,95,23,Rice,4.65
84,35,40,91,25,Rice,3.18
114,36,40,130,25,Rice,4.93
172,39,79,65,20,Rice,5.55
241,28,56,98,27,Maize,7.19
120,29,54,73,8,Wheat,4.47
120,36,41,49,21,Rice,3.37
199,26,59,40,10,Maize,5.1
94,18,62,62,30,Rice,4.42
93,18,54,75,31,Rice,4.37
179,40,72,119,27,Wheat,6.6
127,20,54,106,27,Rice,5.38
218,26,62,110,7,Wheat,7.92
131,28,46,144,5,Rice,6.5
55,24,49,110,30,Wheat,4.31
198,34,72,113,16,Rice,7.3
111,34,85,98,6,Maize,5.05
248,30,54,128,27,Wheat,7.98
123,22,87,82,28,Wheat,5.3
194,22,41,135,28,Rice,7.43
66,38,89,133,15,Rice,5.47
232,27,84,56,22,Wheat,6.37
150,30,57,56,13,Wheat,4.75
181,35,59,86,13,Rice,5.61
64,22,94,58,30,Wheat,3.64
203,31,67,88,22,Rice,6.27
91,36,56,147,37,Rice,5.35
180,28,88,94,30,Maize,7.25
149,38,93,46,40,Rice,4.54
178,34,64,49,20,Wheat,4.83
141,23,55,59,20,Maize,4.82
92,31,46,72,30,Rice,3.36
112,20,91,107,30,Maize,6.28
157,34,51,129,37,Rice,6.42
175,19,83,65,25,Wheat,5.62
136,32,52,62,21,Wheat,3.77
179,37,59,98,7,Maize,6.38
115,21,53,55,23,Wheat,4.38
183,30,75,61,22,Maize,5.68
166,36,79,110,36,Maize,6.24
204,38,82,140,11,Maize,8.47
192,20,44,62,13,Maize,5.29
247,34,65,60,12,Rice,6.9
215,25,81,127,39,Maize,8.79
63,27,51,77,38,Rice,3.45
194,34,42,101,35,Maize,6.02
152,21,81,52,38,Wheat,5.21
170,21,57,108,23,Wheat,6.33
123,19,45,47,15,Maize,3.38
189,26,41,47,15,Rice,5.05
161,25,75,132,16,Rice,7.68
231,35,60,125,25,Wheat,7.49
69,40,46,48,5,Wheat,2.33
